<?xml version='1.0' encoding='UTF-8' standalone='no'?>
<doxygen xmlns:xsi="http://www.w3.org/2001/XMLSchema-instance" xsi:noNamespaceSchemaLocation="compound.xsd" version="1.7.6.1">
  <compounddef id="helper_8cpp" kind="file">
    <compoundname>helper.cpp</compoundname>
    <includes local="yes">helper.h</includes>
    <includes local="yes">ui_helper.h</includes>
    <incdepgraph>
      <node id="249">
        <label>helper.cpp</label>
        <link refid="helper.cpp"/>
        <childnode refid="250" relation="include">
        </childnode>
        <childnode refid="251" relation="include">
        </childnode>
      </node>
      <node id="250">
        <label>helper.h</label>
      </node>
      <node id="251">
        <label>ui_helper.h</label>
      </node>
    </incdepgraph>
    <briefdescription>
    </briefdescription>
    <detaileddescription>
    </detaileddescription>
    <programlisting>
<codeline lineno="1"><highlight class="preprocessor">#include<sp/>&quot;helper.h&quot;</highlight><highlight class="normal"></highlight></codeline>
<codeline lineno="2"><highlight class="normal"></highlight><highlight class="preprocessor">#include<sp/>&quot;ui_helper.h&quot;</highlight><highlight class="normal"></highlight></codeline>
<codeline lineno="3"><highlight class="normal"></highlight></codeline>
<codeline lineno="4"><highlight class="normal">Helper::Helper(QWidget<sp/>*parent)<sp/>:</highlight></codeline>
<codeline lineno="5"><highlight class="normal"><sp/><sp/><sp/><sp/>QMainWindow(parent),</highlight></codeline>
<codeline lineno="6"><highlight class="normal"><sp/><sp/><sp/><sp/>ui(new<sp/>Ui::Helper)</highlight></codeline>
<codeline lineno="7"><highlight class="normal">{</highlight></codeline>
<codeline lineno="8"><highlight class="normal"><sp/><sp/><sp/><sp/>viewerForm<sp/>=<sp/></highlight><highlight class="keyword">new</highlight><highlight class="normal"><sp/>ViewerForm(</highlight><highlight class="keyword">this</highlight><highlight class="normal">);</highlight></codeline>
<codeline lineno="9"><highlight class="normal"><sp/><sp/><sp/><sp/>setCentralWidget(viewerForm);</highlight></codeline>
<codeline lineno="10"><highlight class="normal"><sp/><sp/><sp/><sp/></highlight><highlight class="comment">//ui-&gt;setupUi(this);</highlight><highlight class="normal"></highlight></codeline>
<codeline lineno="11"><highlight class="normal">}</highlight></codeline>
<codeline lineno="12"><highlight class="normal"></highlight></codeline>
<codeline lineno="13"><highlight class="normal">Helper::~Helper()</highlight></codeline>
<codeline lineno="14"><highlight class="normal">{</highlight></codeline>
<codeline lineno="15"><highlight class="normal"><sp/><sp/><sp/><sp/></highlight><highlight class="keyword">delete</highlight><highlight class="normal"><sp/>ui;</highlight></codeline>
<codeline lineno="16"><highlight class="normal">}</highlight></codeline>
    </programlisting>
    <location file="/home/bitehack/QTProjects/QT/SQLiteTest/SQLiteTest/helper.cpp"/>
  </compounddef>
</doxygen>
