<?xml version='1.0' encoding='UTF-8' standalone='no'?>
<doxygen xmlns:xsi="http://www.w3.org/2001/XMLSchema-instance" xsi:noNamespaceSchemaLocation="compound.xsd" version="1.7.6.1">
  <compounddef id="main_8cpp" kind="file">
    <compoundname>main.cpp</compoundname>
    <includes local="no">QtGui/QApplication</includes>
    <includes refid="mainwindow_8h" local="yes">mainwindow.h</includes>
    <incdepgraph>
      <node id="309">
        <label>QMessageBox</label>
      </node>
      <node id="303">
        <label>QElapsedTimer</label>
      </node>
      <node id="300">
        <label>QMainWindow</label>
      </node>
      <node id="298">
        <label>QtGui/QApplication</label>
      </node>
      <node id="302">
        <label>QCheckBox</label>
      </node>
      <node id="299">
        <label>mainwindow.h</label>
        <link refid="mainwindow_8h"/>
        <childnode refid="300" relation="include">
        </childnode>
        <childnode refid="301" relation="include">
        </childnode>
        <childnode refid="302" relation="include">
        </childnode>
        <childnode refid="303" relation="include">
        </childnode>
        <childnode refid="304" relation="include">
        </childnode>
        <childnode refid="305" relation="include">
        </childnode>
        <childnode refid="306" relation="include">
        </childnode>
        <childnode refid="316" relation="include">
        </childnode>
        <childnode refid="318" relation="include">
        </childnode>
        <childnode refid="319" relation="include">
        </childnode>
      </node>
      <node id="306">
        <label>sqlite.h</label>
        <link refid="sqlite_8h"/>
        <childnode refid="307" relation="include">
        </childnode>
        <childnode refid="308" relation="include">
        </childnode>
        <childnode refid="309" relation="include">
        </childnode>
        <childnode refid="310" relation="include">
        </childnode>
        <childnode refid="311" relation="include">
        </childnode>
        <childnode refid="312" relation="include">
        </childnode>
        <childnode refid="313" relation="include">
        </childnode>
        <childnode refid="314" relation="include">
        </childnode>
        <childnode refid="315" relation="include">
        </childnode>
      </node>
      <node id="297">
        <label>main.cpp</label>
        <link refid="main.cpp"/>
        <childnode refid="298" relation="include">
        </childnode>
        <childnode refid="299" relation="include">
        </childnode>
      </node>
      <node id="307">
        <label>QSqlDatabase</label>
      </node>
      <node id="311">
        <label>QApplication</label>
      </node>
      <node id="318">
        <label>aboutdialog.h</label>
        <link refid="aboutdialog_8h"/>
        <childnode refid="317" relation="include">
        </childnode>
      </node>
      <node id="317">
        <label>QDialog</label>
      </node>
      <node id="310">
        <label>QDebug</label>
      </node>
      <node id="304">
        <label>QTimer</label>
      </node>
      <node id="313">
        <label>QString</label>
      </node>
      <node id="316">
        <label>helpsetdialog.h</label>
        <link refid="helpsetdialog_8h"/>
        <childnode refid="317" relation="include">
        </childnode>
        <childnode refid="309" relation="include">
        </childnode>
        <childnode refid="299" relation="include">
        </childnode>
        <childnode refid="306" relation="include">
        </childnode>
      </node>
      <node id="305">
        <label>math.h</label>
      </node>
      <node id="319">
        <label>resultdialog.h</label>
        <link refid="resultdialog_8h"/>
        <childnode refid="317" relation="include">
        </childnode>
        <childnode refid="305" relation="include">
        </childnode>
        <childnode refid="299" relation="include">
        </childnode>
      </node>
      <node id="308">
        <label>QSqlQuery</label>
      </node>
      <node id="315">
        <label>QHash</label>
      </node>
      <node id="314">
        <label>QVariant</label>
      </node>
      <node id="301">
        <label>QSpinBox</label>
      </node>
      <node id="312">
        <label>QStringList</label>
      </node>
    </incdepgraph>
    <innernamespace refid="namespacesqlitetest">sqlitetest</innernamespace>
      <sectiondef kind="func">
      <memberdef kind="function" id="main_8cpp_1a0ddf1224851353fc92bfbff6f499fa97" prot="public" static="no" const="no" explicit="no" inline="no" virt="non-virtual">
        <type>int</type>
        <definition>int main</definition>
        <argsstring>(int argc, char *argv[])</argsstring>
        <name>main</name>
        <param>
          <type>int</type>
          <declname>argc</declname>
        </param>
        <param>
          <type>char *</type>
          <declname>argv</declname>
          <array>[]</array>
        </param>
        <briefdescription>
        </briefdescription>
        <detaileddescription>
        </detaileddescription>
        <inbodydescription>
        </inbodydescription>
        <location file="/home/bitehack/QTProjects/QT/SQLiteTest/SQLiteTest/main.cpp" line="40" bodyfile="/home/bitehack/QTProjects/QT/SQLiteTest/SQLiteTest/main.cpp" bodystart="40" bodyend="45"/>
      </memberdef>
      </sectiondef>
    <briefdescription>
    </briefdescription>
    <detaileddescription>
    </detaileddescription>
    <programlisting>
<codeline lineno="1"></codeline>
<codeline lineno="37"><highlight class="preprocessor">#include<sp/>&lt;QtGui/QApplication&gt;</highlight><highlight class="normal"></highlight></codeline>
<codeline lineno="38"><highlight class="normal"></highlight><highlight class="preprocessor">#include<sp/>&quot;<ref refid="mainwindow_8h" kindref="compound">mainwindow.h</ref>&quot;</highlight><highlight class="normal"></highlight></codeline>
<codeline lineno="39"><highlight class="normal"></highlight></codeline>
<codeline lineno="40" refid="main_8cpp_1a0ddf1224851353fc92bfbff6f499fa97" refkind="member"><highlight class="normal"></highlight><highlight class="keywordtype">int</highlight><highlight class="normal"><sp/><ref refid="main_8cpp_1a0ddf1224851353fc92bfbff6f499fa97" kindref="member">main</ref>(</highlight><highlight class="keywordtype">int</highlight><highlight class="normal"><sp/>argc,<sp/></highlight><highlight class="keywordtype">char</highlight><highlight class="normal"><sp/>*argv[]){</highlight></codeline>
<codeline lineno="41"><highlight class="normal"><sp/><sp/><sp/><sp/>QApplication<sp/>a(argc,<sp/>argv);</highlight></codeline>
<codeline lineno="42"><highlight class="normal"><sp/><sp/><sp/><sp/><ref refid="classMainWindow" kindref="compound">MainWindow</ref><sp/>w;</highlight></codeline>
<codeline lineno="43"><highlight class="normal"><sp/><sp/><sp/><sp/>w.show();</highlight></codeline>
<codeline lineno="44"><highlight class="normal"><sp/><sp/><sp/><sp/></highlight><highlight class="keywordflow">return</highlight><highlight class="normal"><sp/>a.exec();</highlight></codeline>
<codeline lineno="45"><highlight class="normal">}</highlight></codeline>
    </programlisting>
    <location file="/home/bitehack/QTProjects/QT/SQLiteTest/SQLiteTest/main.cpp"/>
  </compounddef>
</doxygen>
