<?xml version='1.0' encoding='UTF-8' standalone='no'?>
<doxygen xmlns:xsi="http://www.w3.org/2001/XMLSchema-instance" xsi:noNamespaceSchemaLocation="compound.xsd" version="1.7.6.1">
  <compounddef id="resultdialog_8h" kind="file">
    <compoundname>resultdialog.h</compoundname>
    <includes local="no">QDialog</includes>
    <includes local="no">math.h</includes>
    <includes refid="mainwindow_8h" local="yes">mainwindow.h</includes>
    <includedby refid="mainwindow_8h" local="yes">mainwindow.h</includedby>
    <includedby refid="resultdialog_8cpp" local="yes">resultdialog.cpp</includedby>
    <incdepgraph>
      <node id="409">
        <label>QMessageBox</label>
      </node>
      <node id="404">
        <label>QElapsedTimer</label>
      </node>
      <node id="401">
        <label>QMainWindow</label>
      </node>
      <node id="403">
        <label>QCheckBox</label>
      </node>
      <node id="400">
        <label>mainwindow.h</label>
        <link refid="mainwindow_8h"/>
        <childnode refid="401" relation="include">
        </childnode>
        <childnode refid="402" relation="include">
        </childnode>
        <childnode refid="403" relation="include">
        </childnode>
        <childnode refid="404" relation="include">
        </childnode>
        <childnode refid="405" relation="include">
        </childnode>
        <childnode refid="399" relation="include">
        </childnode>
        <childnode refid="406" relation="include">
        </childnode>
        <childnode refid="416" relation="include">
        </childnode>
        <childnode refid="417" relation="include">
        </childnode>
        <childnode refid="397" relation="include">
        </childnode>
      </node>
      <node id="406">
        <label>sqlite.h</label>
        <link refid="sqlite_8h"/>
        <childnode refid="407" relation="include">
        </childnode>
        <childnode refid="408" relation="include">
        </childnode>
        <childnode refid="409" relation="include">
        </childnode>
        <childnode refid="410" relation="include">
        </childnode>
        <childnode refid="411" relation="include">
        </childnode>
        <childnode refid="412" relation="include">
        </childnode>
        <childnode refid="413" relation="include">
        </childnode>
        <childnode refid="414" relation="include">
        </childnode>
        <childnode refid="415" relation="include">
        </childnode>
      </node>
      <node id="407">
        <label>QSqlDatabase</label>
      </node>
      <node id="411">
        <label>QApplication</label>
      </node>
      <node id="417">
        <label>aboutdialog.h</label>
        <link refid="aboutdialog_8h"/>
        <childnode refid="398" relation="include">
        </childnode>
      </node>
      <node id="398">
        <label>QDialog</label>
      </node>
      <node id="410">
        <label>QDebug</label>
      </node>
      <node id="405">
        <label>QTimer</label>
      </node>
      <node id="413">
        <label>QString</label>
      </node>
      <node id="416">
        <label>helpsetdialog.h</label>
        <link refid="helpsetdialog_8h"/>
        <childnode refid="398" relation="include">
        </childnode>
        <childnode refid="409" relation="include">
        </childnode>
        <childnode refid="400" relation="include">
        </childnode>
        <childnode refid="406" relation="include">
        </childnode>
      </node>
      <node id="399">
        <label>math.h</label>
      </node>
      <node id="397">
        <label>resultdialog.h</label>
        <link refid="resultdialog.h"/>
        <childnode refid="398" relation="include">
        </childnode>
        <childnode refid="399" relation="include">
        </childnode>
        <childnode refid="400" relation="include">
        </childnode>
      </node>
      <node id="408">
        <label>QSqlQuery</label>
      </node>
      <node id="415">
        <label>QHash</label>
      </node>
      <node id="414">
        <label>QVariant</label>
      </node>
      <node id="402">
        <label>QSpinBox</label>
      </node>
      <node id="412">
        <label>QStringList</label>
      </node>
    </incdepgraph>
    <invincdepgraph>
      <node id="423">
        <label>mainwindow.cpp</label>
        <link refid="mainwindow_8cpp"/>
      </node>
      <node id="419">
        <label>mainwindow.h</label>
        <link refid="mainwindow_8h"/>
        <childnode refid="420" relation="include">
        </childnode>
        <childnode refid="418" relation="include">
        </childnode>
        <childnode refid="422" relation="include">
        </childnode>
        <childnode refid="423" relation="include">
        </childnode>
      </node>
      <node id="422">
        <label>main.cpp</label>
        <link refid="main_8cpp"/>
      </node>
      <node id="420">
        <label>helpsetdialog.h</label>
        <link refid="helpsetdialog_8h"/>
        <childnode refid="421" relation="include">
        </childnode>
        <childnode refid="419" relation="include">
        </childnode>
      </node>
      <node id="418">
        <label>resultdialog.h</label>
        <link refid="resultdialog.h"/>
        <childnode refid="419" relation="include">
        </childnode>
        <childnode refid="424" relation="include">
        </childnode>
      </node>
      <node id="424">
        <label>resultdialog.cpp</label>
        <link refid="resultdialog_8cpp"/>
      </node>
      <node id="421">
        <label>helpsetdialog.cpp</label>
        <link refid="helpsetdialog_8cpp"/>
      </node>
    </invincdepgraph>
    <innerclass refid="classResultDialog" prot="public">ResultDialog</innerclass>
    <innernamespace refid="namespacesqlitetest">sqlitetest</innernamespace>
    <innernamespace refid="namespaceUi">Ui</innernamespace>
    <briefdescription>
    </briefdescription>
    <detaileddescription>
    </detaileddescription>
    <programlisting>
<codeline lineno="1"></codeline>
<codeline lineno="38"><highlight class="preprocessor">#ifndef<sp/>RESULTDIALOG_H</highlight></codeline>
<codeline lineno="39"><highlight class="preprocessor"></highlight><highlight class="preprocessor">#define<sp/>RESULTDIALOG_H</highlight></codeline>
<codeline lineno="40"><highlight class="preprocessor"></highlight><highlight class="normal"></highlight></codeline>
<codeline lineno="41"><highlight class="normal"></highlight><highlight class="preprocessor">#include<sp/>&lt;QDialog&gt;</highlight><highlight class="normal"></highlight></codeline>
<codeline lineno="42"><highlight class="normal"></highlight><highlight class="preprocessor">#include<sp/>&lt;math.h&gt;</highlight><highlight class="normal"></highlight></codeline>
<codeline lineno="43"><highlight class="normal"></highlight><highlight class="preprocessor">#include<sp/>&quot;<ref refid="mainwindow_8h" kindref="compound">mainwindow.h</ref>&quot;</highlight><highlight class="normal"></highlight></codeline>
<codeline lineno="44"><highlight class="normal"></highlight></codeline>
<codeline lineno="45"><highlight class="normal"></highlight><highlight class="keyword">namespace<sp/></highlight><highlight class="normal">Ui<sp/>{</highlight></codeline>
<codeline lineno="46"><highlight class="normal"></highlight><highlight class="keyword">class<sp/></highlight><highlight class="normal"><ref refid="classResultDialog" kindref="compound">ResultDialog</ref>;</highlight></codeline>
<codeline lineno="47"><highlight class="normal">}</highlight></codeline>
<codeline lineno="48"><highlight class="normal"></highlight></codeline>
<codeline lineno="49" refid="classResultDialog" refkind="compound"><highlight class="normal"></highlight><highlight class="keyword">class<sp/></highlight><highlight class="normal"><ref refid="classResultDialog" kindref="compound">ResultDialog</ref><sp/>:<sp/></highlight><highlight class="keyword">public</highlight><highlight class="normal"><sp/>QDialog</highlight></codeline>
<codeline lineno="50"><highlight class="normal">{</highlight></codeline>
<codeline lineno="51"><highlight class="normal"><sp/><sp/><sp/><sp/>Q_OBJECT</highlight></codeline>
<codeline lineno="52"><highlight class="normal"><sp/><sp/><sp/><sp/></highlight></codeline>
<codeline lineno="53"><highlight class="normal"></highlight><highlight class="keyword">public</highlight><highlight class="normal">:</highlight></codeline>
<codeline lineno="54"><highlight class="normal"><sp/><sp/><sp/><sp/></highlight><highlight class="keyword">explicit</highlight><highlight class="normal"><sp/><ref refid="classResultDialog_1a3cd48b45618b2b87662ab3d5a53bded7" kindref="member">ResultDialog</ref>(QWidget<sp/>*parent=0);</highlight></codeline>
<codeline lineno="55"><highlight class="normal"><sp/><sp/><sp/><sp/><ref refid="classResultDialog_1a26dcd549337282cf931825ea481fc8c3" kindref="member">~ResultDialog</ref>();</highlight></codeline>
<codeline lineno="56"><highlight class="normal"><sp/><sp/><sp/><sp/></highlight></codeline>
<codeline lineno="57"><highlight class="normal"></highlight><highlight class="keyword">private</highlight><highlight class="normal">:</highlight></codeline>
<codeline lineno="58"><highlight class="normal"><sp/><sp/><sp/><sp/>Ui::ResultDialog<sp/>*ui;</highlight></codeline>
<codeline lineno="59"><highlight class="normal"><sp/><sp/><sp/><sp/></highlight><highlight class="keywordtype">void</highlight><highlight class="normal"><sp/>populateTable();</highlight></codeline>
<codeline lineno="60"><highlight class="normal"><sp/><sp/><sp/><sp/>QWidget<sp/>*cparent;</highlight></codeline>
<codeline lineno="61"><highlight class="normal">};</highlight></codeline>
<codeline lineno="62"><highlight class="normal"></highlight></codeline>
<codeline lineno="63"><highlight class="normal"></highlight><highlight class="preprocessor">#endif<sp/>//<sp/>RESULTDIALOG_H</highlight></codeline>
    </programlisting>
    <location file="/home/bitehack/QTProjects/QT/SQLiteTest/SQLiteTest/resultdialog.h"/>
  </compounddef>
</doxygen>
